itemID,item,item_type,category,choices,Definition-english,gloss,definition,complexity_category,scoring_category,enabler,enable_response
item_1,baa_baa,word,sounds,produces,baa baa,baa baa,מה מה ,,,,
item_2,choo_choo,word,sounds,produces,choo choo,choo choo,צ'יק צ'יק צ'אק,,,,
item_3,cockadoodledoo,word,sounds,produces,cockadoodledoo,cockadoodledoo,קוקוקריקו,,,,
item_4,meow,word,sounds,produces,meow,meow,מיאו,,,,
item_5,moo,word,sounds,produces,moo,moo,מו,,,,
item_6,ouch,word,sounds,produces,ouch,ouch,אוי/ איה,,,,
item_7,quack_quack,word,sounds,produces,quack quack,quack quack,גע גע,,,,
item_8,vroom,word,sounds,produces,vroom,vroom,וון וון/ הנ/ ברר,,,,
item_9,woof_woof,word,sounds,produces,woof woof,woof woof,האו/ הב הב,,,,
item_10,yum_yum,word,sounds,produces,yum yum,yum yum,הם/ מ מ....מ,,,,
item_11,hee_aa,word,sounds,produces,hee aa,hee aa,אי-אה,,,,
item_12,bzzzz,word,sounds,produces,bzzzz,bzzzz,בזז...,,,,
item_13,hopa,word,sounds,produces,hopa,hopa,הופה,,,,
item_14,tzif_tzif,word,sounds,produces,tzif tzif,tzif tzif,ציף ציף,,,,
item_15,shhhh,word,sounds,produces,shhhh,shhhh,שש...ש,,,,
item_16,alligator,word,animals,produces,alligator,alligator,תנין,,,,
item_17,animal,word,animals,produces,animal,animal,חיה,,,,
item_18,ant,word,animals,produces,ant,ant,נמלה,,,,
item_19,bear,word,animals,produces,bear,bear,דב/ דובי,,,,
item_20,bee,word,animals,produces,bee,bee,דבורה,,,,
item_21,bird,word,animals,produces,bird,bird,ציפור,,,,
item_22,bug,word,animals,produces,bug,bug,ג'וק/ תיקן,,,,
item_23,bunny,word,animals,produces,bunny,bunny,שפן/ ארנבת,,,,
item_24,butterfly,word,animals,produces,butterfly,butterfly,פרפר,,,,
item_25,cat,word,animals,produces,cat,cat,חתול,,,,
item_26,chicken.animal,word,animals,produces,chicken (animal),chicken (animal),תרנגול,,,,
item_27,cow,word,animals,produces,cow,cow,פרה,,,,
item_28,deer,word,animals,produces,deer,deer,אייל/ צבי/ במבי,,,,
item_29,dog,word,animals,produces,dog,dog,כלב,,,,
item_30,donkey,word,animals,produces,donkey,donkey,חמור,,,,
item_31,duck,word,animals,produces,duck,duck,ברווז,,,,
item_32,elephant,word,animals,produces,elephant,elephant,פיל,,,,
item_33,fish.animal,word,animals,produces,fish (animal),fish (animal),דג,,,,
item_34,frog,word,animals,produces,frog,frog,צפרדע,,,,
item_35,giraffe,word,animals,produces,giraffe,giraffe,ג'ירפה,,,,
item_36,goose,word,animals,produces,goose,goose,אווז,,,,
item_37,horse,word,animals,produces,horse,horse,סוס,,,,
item_38,lamb,word,animals,produces,lamb,lamb,טלה,,,,
item_39,lion,word,animals,produces,lion,lion,אריה,,,,
item_40,monkey,word,animals,produces,monkey,monkey,קוף,,,,
item_41,mouse,word,animals,produces,mouse,mouse,עכבר,,,,
item_42,owl,word,animals,produces,owl,owl,ינשוף,,,,
item_43,penguin,word,animals,produces,penguin,penguin,פינגווין,,,,
item_44,cub,word,animals,produces,cub,cub,גור,,,,
item_45,sheep,word,animals,produces,sheep,sheep,כבשה,,,,
item_46,squirrel,word,animals,produces,squirrel,squirrel,סנאי,,,,
item_47,teddybear,word,animals,produces,teddybear,teddybear,דוב/ דובי,,,,
item_48,tiger,word,animals,produces,tiger,tiger,נמר,,,,
item_49,turtle,word,animals,produces,turtle,turtle,צב,,,,
item_50,wolf,word,animals,produces,wolf,wolf,זאב,,,,
item_51,zebra,word,animals,produces,zebra,zebra,זברה,,,,
item_52,chick,word,animals,produces,zebra,chick,אפרוח,,,,
item_53,hippo,word,animals,produces,zebra,hippo,היפופוטם,,,,
item_54,fly,word,animals,produces,zebra,fly,זבוב,,,,
item_55,beetle,word,animals,produces,zebra,beetle,חיפושית,,,,
item_56,peacock,word,animals,produces,zebra,peacock,טווס,,,,
item_57,Pigeon,word,animals,produces,zebra,Pigeon,יונה,,,,
item_58,snake,word,animals,produces,zebra,snake,נחש,,,,
item_59,hedgehog,word,animals,produces,zebra,hedgehog,קיפוד,,,,
item_60,parrot,word,animals,produces,zebra,parrot,תוכי,,,,
item_61,airplane,word,vehicles,produces,airplane,airplane,מטוס/ אווירון,,,,
item_62,bicycle,word,vehicles,produces,bicycle,bicycle,אופניים,,,,
item_63,boat,word,vehicles,produces,boat,boat,אניה,,,,
item_64,bus,word,vehicles,produces,bus,bus,אוטובוס,,,,
item_65,car,word,vehicles,produces,car,car,אוטו/ מכונית,,,,
item_66,helicopter,word,vehicles,produces,helicopter,helicopter,הליקופטר,,,,
item_67,motorcycle,word,vehicles,produces,motorcycle,motorcycle,אופנוע,,,,
item_68,stroller,word,vehicles,produces,stroller,stroller,עגלה,,,,
item_69,tractor,word,vehicles,produces,tractor,tractor,טרקטור,,,,
item_70,train,word,vehicles,produces,train,train,רכבת,,,,
item_71,truck,word,vehicles,produces,truck,truck,משאית,,,,
item_72,ambulance,word,vehicles,produces,ambulance,ambulance,אמבולנס,,,,
item_73,jeep,word,vehicles,produces,jeep,jeep,ג'יפ,,,,
item_74,engine,word,vehicles,produces,engine,engine,קטר,,,,
item_75,ball,word,toys,produces,ball,ball,כדור,,,,
item_76,balloon,word,toys,produces,balloon,balloon,בלון,,,,
item_77,block,word,toys,produces,block,block,קוביה,,,,
item_78,book,word,toys,produces,book,book,ספר,,,,
item_79,bubbles,word,toys,produces,bubbles,bubbles,בועות,,,,
item_80,chalk,word,toys,produces,chalk,chalk,גיר,,,,
item_81,crayon,word,toys,produces,crayon,crayon,טוש,,,,
item_82,doll,word,toys,produces,doll,doll,בובה,,,,
item_83,game,word,toys,produces,game,game,משחק,,,,
item_84,glue,word,toys,produces,glue,glue,דבק,,,,
item_85,pen,word,toys,produces,pen,pen,עט,,,,
item_86,pencil,word,toys,produces,pencil,pencil,עפרון,,,,
item_87,play_dough,word,toys,produces,play dough,play dough,בצק/ פלסטלינה,,,,
item_88,present,word,toys,produces,present,present,מתנה,,,,
item_89,puzzle,word,toys,produces,puzzle,puzzle,פאזל/ הרכבה,,,,
item_90,story,word,toys,produces,story,story,סיפור,,,,
item_91,toy,word,toys,produces,toy,toy,צעצוע,,,,
item_92,beads,word,toys,produces,beads,beads,חרוזים,,,,
item_93,clown,word,toys,produces,clown,clown,ליצן,,,,
item_94,tower,word,toys,produces,tower,tower,מגדל,,,,
item_95,dreidel,word,toys,produces,dreidel,dreidel,סביבון,,,,
item_96,rattle,word,toys,produces,rattle,rattle,רעשן/ קשקשן,,,,
item_97,apple,word,food_drink,produces,apple,apple,תפוח,,,,
item_98,banana,word,food_drink,produces,banana,banana,בננה,,,,
item_99,bread,word,food_drink,produces,bread,bread,לחם,,,,
item_100,butter,word,food_drink,produces,butter,butter,מרגרינה/ חמאה,,,,
item_101,cake,word,food_drink,produces,cake,cake,עוגה/ עוגיה,,,,
item_102,candy,word,food_drink,produces,candy,candy,ממתק,,,,
item_103,carrots,word,food_drink,produces,carrots,carrots,גזר,,,,
item_104,cheese,word,food_drink,produces,cheese,cheese,גבינה,,,,
item_105,chicken.food,word,food_drink,produces,chicken (food),chicken (food),עוף,,,,
item_106,chocolate,word,food_drink,produces,chocolate,chocolate,שוקולד,,,,
item_107,coffee,word,food_drink,produces,coffee,coffee,קפה,,,,
item_108,coke,word,food_drink,produces,coke,coke,קולה,,,,
item_109,corn,word,food_drink,produces,corn,corn,תירס,,,,
item_110,cracker,word,food_drink,produces,cracker,cracker,קרקר,,,,
item_111,egg,word,food_drink,produces,egg,egg,ביצה,,,,
item_112,fish.food,word,food_drink,produces,fish (food),fish (food),דג,,,,
item_113,food,word,food_drink,produces,food,food,אוכל,,,,
item_114,french_fries,word,food_drink,produces,french fries,french fries,צ'יפס,,,,
item_115,grapes,word,food_drink,produces,grapes,grapes,ענבים,,,,
item_116,green_beans,word,food_drink,produces,green beans,green beans,שעועית,,,,
item_117,gum,word,food_drink,produces,gum,gum,מסטיק,,,,
item_118,hamburger,word,food_drink,produces,hamburger,hamburger,קציצה,,,,
item_119,ice_cream,word,food_drink,produces,ice cream,ice cream,ארטיק/ גלידה,,,,
item_120,jelly,word,food_drink,produces,jelly,jelly,ריבה,,,,
item_121,juice,word,food_drink,produces,juice,juice,מיץ,,,,
item_122,lollipop,word,food_drink,produces,lollipop,lollipop,סוכריה,,,,
item_123,meat,word,food_drink,produces,meat,meat,בשר,,,,
item_124,melon,word,food_drink,produces,melon,melon,מלון,,,,
item_125,milk,word,food_drink,produces,milk,milk,חלב,,,,
item_126,nuts,word,food_drink,produces,nuts,nuts,אגוזים,,,,
item_127,orange.food,word,food_drink,produces,orange (food),orange (food),תפוז,,,,
item_128,peas,word,food_drink,produces,peas,peas,אפונה,,,,
item_129,pickle,word,food_drink,produces,pickle,pickle,חמוצים/ מלפפון חמוץ,,,,
item_130,pizza,word,food_drink,produces,pizza,pizza,פיצה,,,,
item_131,potato,word,food_drink,produces,potato,potato,תפוח אדמה,,,,
item_132,pretzel,word,food_drink,produces,pretzel,pretzel,בייגלה,,,,
item_133,raisin,word,food_drink,produces,raisin,raisin,צימוקים,,,,
item_134,salt,word,food_drink,produces,salt,salt,מלח,,,,
item_135,sandwich,word,food_drink,produces,sandwich,sandwich,סנדוויץ/ כריך,,,,
item_136,soup,word,food_drink,produces,soup,soup,מרק,,,,
item_137,spaghetti,word,food_drink,produces,spaghetti,spaghetti,ספגטי/ אטריות/ מקרוני,,,,
item_138,strawberry,word,food_drink,produces,strawberry,strawberry,תות,,,,
item_139,toast,word,food_drink,produces,toast,toast,טוסט,,,,
item_140,tuna,word,food_drink,produces,tuna,tuna,טונה,,,,
item_141,water.beverage,word,food_drink,produces,water (beverage),water (beverage),מים,,,,
item_142,yogurt,word,food_drink,produces,yogurt,yogurt,לבן/ יוגורט/ מעדן,,,,
item_143,watermelon,word,food_drink,produces,watermelon,watermelon,אבטיח,,,,
item_144,pear,word,food_drink,produces,pear,pear,אגס,,,,
item_145,rice,word,food_drink,produces,rice,rice,אורז,,,,
item_146,peach,word,food_drink,produces,peach,peach,אפרסק,,,,
item_147,bamba,word,food_drink,produces,bamba,bamba,במבה,,,,
item_148,honey,word,food_drink,produces,honey,honey,דבש,,,,
item_149,porridge,word,food_drink,produces,porridge,porridge,דייסה,,,,
item_150,wafer,word,food_drink,produces,wafer,wafer,ופלה,,,,
item_151,olives,word,food_drink,produces,olives,olives,זיתים,,,,
item_152,omelet,word,food_drink,produces,omelet,omelet,חביתה,,,,
item_153,tehina,word,food_drink,produces,tehina,tehina,טחינה,,,,
item_154,bun,word,food_drink,produces,bun,bun,לחמניה,,,,
item_155,cucumber,word,food_drink,produces,cucumber,cucumber,מלפפון,,,,
item_156,sausage,word,food_drink,produces,sausage,sausage,נקניק,,,,
item_157,tomato,word,food_drink,produces,tomato,tomato,עגבניה,,,,
item_158,pita,word,food_drink,produces,pita,pita,פיתה,,,,
item_159,pepper,word,food_drink,produces,pepper,pepper,פילפל,,,,
item_160,flakes,word,food_drink,produces,flakes,flakes,פתיתים,,,,
item_161,clementine,word,food_drink,produces,clementine,clementine,קלמטינה,,,,
item_162,chocolate_milk,word,food_drink,produces,chocolate milk,chocolate milk,שוקו,,,,
item_163,schnitzel,word,food_drink,produces,schnitzel,schnitzel,שניצל,,,,
item_164,tea,word,food_drink,produces,tea,tea,תה,,,,
item_165,belt,word,clothing,produces,belt,belt,חגורה,,,,
item_166,bib,word,clothing,produces,bib,bib,סינר,,,,
item_167,boots,word,clothing,produces,boots,boots,מגפיים,,,,
item_168,button,word,clothing,produces,button,button,כפתור,,,,
item_169,coat,word,clothing,produces,coat,coat,מעיל,,,,
item_170,diaper,word,clothing,produces,diaper,diaper,טיטול/ חיתול,,,,
item_171,dress,word,clothing,produces,dress,dress,שמלה,,,,
item_172,gloves,word,clothing,produces,gloves,gloves,כפפות,,,,
item_173,hat,word,clothing,produces,hat,hat,כובע,,,,
item_174,jeans,word,clothing,produces,jeans,jeans,ג'ינס,,,,
item_175,necklace,word,clothing,produces,necklace,necklace,שרשרת/ מחרוזת,,,,
item_176,pajamas,word,clothing,produces,pajamas,pajamas,פיג'מה,,,,
item_177,pants,word,clothing,produces,pants,pants,מכנסיים,,,,
item_178,scarf,word,clothing,produces,scarf,scarf,צעיף,,,,
item_179,shirt,word,clothing,produces,shirt,shirt,חולצה,,,,
item_180,shoe,word,clothing,produces,shoe,shoe,נעל/ נעליים,,,,
item_181,slipper,word,clothing,produces,slipper,slipper,נעלי בית,,,,
item_182,sneaker,word,clothing,produces,sneaker,sneaker,נעלי ספורט,,,,
item_183,sock,word,clothing,produces,sock,sock,גרביים,,,,
item_184,sweater,word,clothing,produces,sweater,sweater,סוודר,,,,
item_185,tights,word,clothing,produces,tights,tights,גרביונים/ טייטס,,,,
item_186,underpants,word,clothing,produces,underpants,underpants,תחתונים ,,,,
item_187,zipper,word,clothing,produces,zipper,zipper,רוכסן/ ריצ'רץ,,,,
item_188,swimsuit,word,clothing,produces,swimsuit,swimsuit,בגד ים,,,,
item_189,undershirt,word,clothing,produces,undershirt,undershirt,גופיה,,,,
item_190,skirt,word,clothing,produces,skirt,skirt,חצאית,,,,
item_191,training_clothes,word,clothing,produces,training clothes,training clothes,טריינינג,,,,
item_192,sandals,word,clothing,produces,sandals,sandals,סנדלים,,,,
item_193,ankle,word,body_parts,produces,ankle,ankle,קרסול,,,,
item_194,arm,word,body_parts,produces,arm,arm,יד/ ידיים,,,,
item_195,belly_button,word,body_parts,produces,belly button,belly button,פופיק/ טבור,,,,
item_196,cheek,word,body_parts,produces,cheek,cheek,לחי/לחיים,,,,
item_197,chin,word,body_parts,produces,chin,chin,סנטר,,,,
item_198,ear,word,body_parts,produces,ear,ear,אוזן/ אוזניים,,,,
item_199,eye,word,body_parts,produces,eye,eye,עיין/ עיניים,,,,
item_200,face,word,body_parts,produces,face,face,פנים,,,,
item_201,finger,word,body_parts,produces,finger,finger,אצבעות,,,,
item_202,hair,word,body_parts,produces,hair,hair,שיער/ שערות,,,,
item_203,head,word,body_parts,produces,head,head,ראש,,,,
item_204,knee,word,body_parts,produces,knee,knee,ברך/ ברכיים,,,,
item_205,leg,word,body_parts,produces,leg,leg,רגל/ רגליים,,,,
item_206,lips,word,body_parts,produces,lips,lips,שפתיים,,,,
item_207,mouth,word,body_parts,produces,mouth,mouth,פה,,,,
item_208,nose,word,body_parts,produces,nose,nose,אף,,,,
item_209,shoulder,word,body_parts,produces,shoulder,shoulder,כתף/ כתפיים,,,,
item_210,toe,word,body_parts,produces,toe,toe,אגודל/ בוהן,,,,
item_211,tongue,word,body_parts,produces,tongue,tongue,לשון,,,,
item_212,tooth,word,body_parts,produces,tooth,tooth,שן/ שיניים,,,,
item_213,tummy,word,body_parts,produces,tummy,tummy,בטן,,,,
item_214,forehead,word,body_parts,produces,forehead,forehead,מצח,,,,
item_215, nails,word,body_parts,produces, nails, nails,ציפורניים,,,,
item_216,neck,word,body_parts,produces,neck,neck,צואר,,,,
item_217,basket,word,household,produces,basket,basket,סל,,,,
item_218,blanket,word,household,produces,blanket,blanket,שמיכה,,,,
item_219,bottle,word,household,produces,bottle,bottle,בקבוק,,,,
item_220,bowl,word,household,produces,bowl,bowl,קערה/ קערית,,,,
item_221,box,word,household,produces,box,box,קופסה,,,,
item_222,broom,word,household,produces,broom,broom,מטאטא,,,,
item_223,brush,word,household,produces,brush,brush,מברשת,,,,
item_224,bucket,word,household,produces,bucket,bucket,דלי,,,,
item_225,camera,word,household,produces,camera,camera,מצלמה,,,,
item_226,clock,word,household,produces,clock,clock,שעון,,,,
item_227,comb,word,household,produces,comb,comb,מסרק,,,,
item_228,cup,word,household,produces,cup,cup,כוס/ ספל,,,,
item_229,fork,word,household,produces,fork,fork,מזלג,,,,
item_230,glasses,word,household,produces,glasses,glasses,משקפיים,,,,
item_231,hammer,word,household,produces,hammer,hammer,פטיש,,,,
item_232,keys,word,household,produces,keys,keys,מפתחות,,,,
item_233,knife,word,household,produces,knife,knife,סכין,,,,
item_234,lamp,word,household,produces,lamp,lamp,מנורה,,,,
item_235,light,word,household,produces,light,light,אור,,,,
item_236,medicine,word,household,produces,medicine,medicine,תרופה,,,,
item_237,money,word,household,produces,money,money,כסף,,,,
item_238,mop,word,household,produces,mop,mop,מגב ,,,,
item_239,nail,word,household,produces,nail,nail,מסמר,,,,
item_240,napkin,word,household,produces,napkin,napkin,מפית,,,,
item_241,paper,word,household,produces,paper,paper,נייר,,,,
item_242,picture,word,household,produces,picture,picture,תמונה,,,,
item_243,pillow,word,household,produces,pillow,pillow,כרית,,,,
item_244,plant,word,household,produces,plant,plant,צמח,,,,
item_245,plate,word,household,produces,plate,plate,צלחת,,,,
item_246,purse,word,household,produces,purse,purse,ארנק,,,,
item_247,radio,word,household,produces,radio,radio,רדיו,,,,
item_248,scissors,word,household,produces,scissors,scissors,מספריים,,,,
item_249,soap,word,household,produces,soap,soap,סבון,,,,
item_250,spoon,word,household,produces,spoon,spoon,כף,,,,
item_251,telephone,word,household,produces,telephone/cellphone*,telephone/cellphone*,טלפון/ סלולרי,,,,
item_252,tissue,word,household,produces,tissue/kleenex,tissue/kleenex,טישיו/ ממחטה,,,,
item_253,toothbrush,word,household,produces,toothbrush,toothbrush,מברשת שיניים,,,,
item_254,towel,word,household,produces,towel,towel,מגבת,,,,
item_255,trash,word,household,produces,trash,trash,אשפה/ זבל/ פח,,,,
item_256,tray,word,household,produces,tray,tray,מגש,,,,
item_257,vacuum,word,household,produces,vacuum,vacuum,שואב אבק,,,,
item_258,teaspoon,word,household,produces,teaspoon,teaspoon,כפית,,,,
item_259,pacifier,word,household,produces,pacifier,pacifier,מוצץ,,,,
item_260,pot,word,household,produces,pot,pot,סיר,,,,
item_261,plant,word,household,produces,plant,plant,עציץ,,,,
item_262,bag,word,household,produces,bag,bag,תיק,,,,
item_263,pan ,word,household,produces,pan ,pan ,מחבת,,,,
item_264,bathroom,word,furniture_rooms,produces,bathroom,bathroom,שירותים/ בית שימוש,,,,
item_265,bathtub,word,furniture_rooms,produces,bathtub,bathtub,אמבטיה,,,,
item_266,bed,word,furniture_rooms,produces,bed,bed,מיטה,,,,
item_267,bedroom,word,furniture_rooms,produces,bedroom,bedroom,חדר שינה,,,,
item_268,bench,word,furniture_rooms,produces,bench,bench,ספסל,,,,
item_269,chair,word,furniture_rooms,produces,chair,chair,כיסא,,,,
item_270,closet,word,furniture_rooms,produces,closet,closet,ארון,,,,
item_271,couch,word,furniture_rooms,produces,couch,couch,כורסה,,,,
item_272,crib,word,furniture_rooms,produces,crib,crib,לול,,,,
item_273,door,word,furniture_rooms,produces,door,door,דלת,,,,
item_274,drawer,word,furniture_rooms,produces,drawer,drawer,מגירה,,,,
item_275,garage,word,furniture_rooms,produces,garage,garage,חניה/ מוסך,,,,
item_276,kitchen,word,furniture_rooms,produces,kitchen,kitchen,מטבח,,,,
item_277,living_room,word,furniture_rooms,produces,living room,living room,סלון,,,,
item_278,oven,word,furniture_rooms,produces,oven,oven,תנור,,,,
item_279,porch,word,furniture_rooms,produces,porch,porch,מרפסת,,,,
item_280,potty,word,furniture_rooms,produces,potty,potty,ישבנון/ סיר,,,,
item_281,refrigerator,word,furniture_rooms,produces,refrigerator,refrigerator,מקרר,,,,
item_282,room,word,furniture_rooms,produces,room,room,חדר ,,,,
item_283,shower,word,furniture_rooms,produces,shower,shower,טוש/ מקלחת,,,,
item_284,sink,word,furniture_rooms,produces,sink,sink,כיור,,,,
item_285,sofa,word,furniture_rooms,produces,sofa,sofa,ספה,,,,
item_286,stairs,word,furniture_rooms,produces,stairs,stairs,מדרגות,,,,
item_287,table,word,furniture_rooms,produces,table,table,שולחן,,,,
item_288,tv,word,furniture_rooms,produces,TV,TV,טלויזיה,,,,
item_289,washing_machine,word,furniture_rooms,produces,washing machine,washing machine,מכונת כביסה,,,,
item_290,window,word,furniture_rooms,produces,window,window,חלון,,,,
item_291,curtain,word,furniture_rooms,produces,curtain,curtain,וילון,,,,
item_292,map,word,furniture_rooms,produces,map,map,מפה,,,,
item_293,rug,word,furniture_rooms,produces,rug,rug,שטיח,,,,
item_294,shutter,word,furniture_rooms,produces,shutter,shutter,תריס,,,,
item_295,backyard,word,outside,produces,backyard,backyard,חצר,,,,
item_296,cloud,word,outside,produces,cloud,cloud,ענן/ עננים,,,,
item_297,flag,word,outside,produces,flag,flag,דגל,,,,
item_298,flower,word,outside,produces,flower,flower,פרח,,,,
item_299,garden,word,outside,produces,garden,garden,גינה/ פארק,,,,
item_300,grass,word,outside,produces,grass,grass,דשא,,,,
item_301,hose,word,outside,produces,hose,hose,צינור,,,,
item_302,ladder,word,outside,produces,ladder,ladder,סולם,,,,
item_303,moon,word,outside,produces,moon,moon,ירח,,,,
item_304,pool,word,outside,produces,pool,pool,בריכה,,,,
item_305,rain,word,outside,produces,rain,rain,גשם,,,,
item_306,rock,word,outside,produces,rock,rock,אבן,,,,
item_307,roof,word,outside,produces,roof,roof,גג,,,,
item_308,shovel,word,outside,produces,shovel,shovel,את/ מעדר,,,,
item_309,sidewalk,word,outside,produces,sidewalk,sidewalk,מדרכה,,,,
item_310,sky,word,outside,produces,sky,sky,שמיים,,,,
item_311,slide.object,word,outside,produces,slide (object),slide (object),מגלשה,,,,
item_312,sprinkler,word,outside,produces,sprinkler,sprinkler,ממטרה,,,,
item_313,star,word,outside,produces,star,star,כוכב/ כוכבים,,,,
item_314,stick,word,outside,produces,stick,stick,מקל,,,,
item_315,street,word,outside,produces,street,street,רחוב,,,,
item_316,sun,word,outside,produces,sun,sun,שמש,,,,
item_317,swing.object,word,outside,produces,swing (object),swing (object),נדנדה,,,,
item_318,tree,word,outside,produces,tree,tree,עץ,,,,
item_319,wind,word,outside,produces,wind,wind,רוח,,,,
item_320,land,word,outside,produces,land,land,אדמה,,,,
item_321,sand_box,word,outside,produces,sand box,sand box,ארגז חול,,,,
item_322,backyard ,word,outside,produces,backyard ,backyard ,חצר ,,,,
item_323,beach,word,places,produces,beach,beach,ים/ חוף ים,,,,
item_324,synagogue,word,places,produces,synagogue,synagogue,בית כנסת,,,,
item_325,farm,word,places,produces,farm,farm,רפת,,,,
item_326,gas_station,word,places,produces,gas station,gas station,תחנת דלק,,,,
item_327,home,word,places,produces,home,home,בית/ הביתה,,,,
item_328,movie,word,places,produces,movie,movie,סרט,,,,
item_329,party,word,places,produces,party,party,מסיבה,,,,
item_330,picnic,word,places,produces,picnic,picnic,פיקניק,,,,
item_331,playground,word,places,produces,playground,playground,גן שעשועים/ מגרש משחקים,,,,
item_332,school,word,places,produces,school,school,גן (משפחתון/ פעוטון/ מעון/ גנון),,,,
item_333,store,word,places,produces,store,store,חנות,,,,
item_334,woods,word,places,produces,woods,woods,חורשה,,,,
item_335,work.place,word,places,produces,work (place),work (place),עבודה,,,,
item_336,zoo,word,places,produces,zoo,zoo,גן חיות,,,,
item_337,mountain,word,places,produces,mountain,mountain,הר,,,,
item_338,supermarket,word,places,produces,supermarket,supermarket,סופרמרקט/ סופר/ מכולת,,,,
item_339,bus_stop,word,places,produces,bus stop,bus stop,תחנת אוטובוס,,,,
item_340,tap,word,places,produces,tap,tap,ברז ,,,,
item_341,road,word,places,produces,road,road,כביש,,,,
item_342,aunt,word,people,produces,aunt,aunt,דוד/ דודה,,,,
item_343,baby,word,people,produces,baby,baby,תינוק/ תינוקת,,,,
item_344,babysitter,word,people,produces,babysitter,babysitter,שמרטף/ בייביסיטר,,,,
item_345,caregiver,word,people,produces,caregiver,caregiver,מטפלת,,,,
item_346,boy,word,people,produces,boy,boy,ילד/ ילדה,,,,
item_347,brother,word,people,produces,brother,brother,אח/ אחות,,,,
item_348,daddy,word,people,produces,daddy*,daddy*,אבא,,,,
item_349,doctor,word,people,produces,doctor,doctor,רופא,,,,
item_350,fireman,word,people,produces,fireman,fireman,כבאי,,,,
item_351,friend,word,people,produces,friend,friend,חבר/ חברה,,,,
item_352,grandma,word,people,produces,grandma*,grandma*,סבתא,,,,
item_353,grandpa,word,people,produces,grandpa*,grandpa*,סבא,,,,
item_354,neighbor,word,people,produces,neighbor,neighbor,שכן/ שכנה,,,,
item_355,mailman,word,people,produces,mailman,mailman,דוור,,,,
item_356,man,word,people,produces,man,man,איש/ אישה/ אנשים,,,,
item_357,mommy,word,people,produces,mommy*,mommy*,אימא,,,,
item_358,child_own_name,word,people,produces,child's own name,child's own name,השם של הילד,,,,
item_359,police,word,people,produces,police,police,שוטר,,,,
item_360,teacher,word,people,produces,teacher,teacher,גננת/ מורה,,,,
item_361,bath,word,games_routines,produces,bath,bath,לעשות אמבטיה,,,,
item_362,bye,word,games_routines,produces,bye,bye,ביי/ להתראות,,,,
item_363,call,word,games_routines,produces,call (on phone),call (on phone),לדבר בטלפון,,,,
item_364,give_me_five,word,games_routines,produces,give me five!,give me five!,כיף/ תן כפה,,,,
item_365,go_potty,word,games_routines,produces,go potty,go potty,לעשות פיפי בסיר,,,,
item_366,hello,word,games_routines,produces,hello,hello,היי/ שלום/ אהלן,,,,
item_367,nap,word,games_routines,produces,nap,nap,ללכת לישון,,,,
item_368,nightnight,word,games_routines,produces,night night,night night,לילה טוב,,,,
item_369,no,word,games_routines,produces,no,no,לא,,,,
item_370,pattycake,word,games_routines,produces,pattycake,pattycake,עשר אצבעות לי יש,,,,
item_371,peekaboo,word,games_routines,produces,peekaboo,peekaboo,"לשחק ב""קוקו""",,,,
item_372,please,word,games_routines,produces,please,please,בבקשה,,,,
item_373,give_me ,word,games_routines,produces,give me ,give me ,תן לי,,,,
item_374,thank_you,word,games_routines,produces,thank you,thank you,תודה,,,,
item_375,yes,word,games_routines,produces,yes,yes,כן,,,,
item_376,nothing,word,games_routines,produces,nothing,nothing,אין,,,,
item_377,allowed,word,games_routines,produces,allowed,allowed,אפשר/ מותר,,,,
item_378,It hurts,word,games_routines,produces,It hurts,It hurts,כואב לי/ כואב לך,,,,
item_379,angry,word,games_routines,produces,angry,angry,כועס,,,,
item_380,go_to_eat,word,games_routines,produces,go to eat,go to eat,ללכת לאכול,,,,
item_381,go_for_walk,word,games_routines,produces,go for a walk,go for a walk,ללכת לטייל,,,,
item_382,pretend,word,games_routines,produces,pretend,pretend,לעשות כאילו,,,,
item_383,more,word,games_routines,produces,more,more,עוד,,,,
item_384,must,word,games_routines,produces,must,must,צריך,,,,
item_385,goodmorning,word,games_routines,produces,good morning,good morning,בוקר טוב,,,,
item_386,can,word,games_routines,produces,can,can,יכול,,,,
item_387,stopit,word,games_routines,produces,stop it,stop it,די ,,,,
item_388,clap_hands,word,games_routines,produces,clap hands,clap hands,מחא כפיים,,,,
item_389,play_catch,word,games_routines,produces,play catch,play catch,לשחק תופסת,,,,
item_390,bite,word,action_words,produces,bite,bite,לנשוך,,,,
item_391,blow,word,action_words,produces,blow,blow,לנשוף,,,,
item_392,break,word,action_words,produces,break,break,לשבור,,,,
item_393,bring,word,action_words,produces,bring,bring,להביא,,,,
item_394,build,word,action_words,produces,build,build,לבנות,,,,
item_395,buy,word,action_words,produces,buy,buy,לקנות,,,,
item_396,catch,word,action_words,produces,catch,catch,לתפוס,,,,
item_397,chase,word,action_words,produces,chase,chase,לרדוף ,,,,
item_398,clean.action,word,action_words,produces,clean (action),clean (action),לנקות,,,,
item_399,climb,word,action_words,produces,climb,climb,לטפס,,,,
item_400,close,word,action_words,produces,close,close,לסגור,,,,
item_401,cover,word,action_words,produces,cover,cover,לכסות,,,,
item_402,cry,word,action_words,produces,cry,cry,לבכות,,,,
item_403,cut,word,action_words,produces,cut,cut,לגזור,,,,
item_404,dance,word,action_words,produces,dance,dance,לרקוד,,,,
item_405,draw,word,action_words,produces,draw,draw,לצייר,,,,
item_406,drink.action,word,action_words,produces,drink (action),drink (action),לשתות,,,,
item_407,drive,word,action_words,produces,drive,drive,לנהוג,,,,
item_408,drop,word,action_words,produces,drop,drop,להפיל,,,,
item_409,dry.action,word,action_words,produces,dry (action),dry (action),ליבש,,,,
item_410,eat,word,action_words,produces,eat,eat,לאכול,,,,
item_411,fall,word,action_words,produces,fall,fall,ליפול,,,,
item_412,feed,word,action_words,produces,feed,feed,להאכיל,,,,
item_413,find,word,action_words,produces,find,find,למצוא,,,,
item_414,finish,word,action_words,produces,finish,finish,לגמור,,,,
item_415,fit,word,action_words,produces,fit,fit,להתאים,,,,
item_416,fix,word,action_words,produces,fix,fix,לתקן,,,,
item_417,give,word,action_words,produces,give,give,לתת,,,,
item_418,go,word,action_words,produces,go,go,ללכת,,,,
item_419,hate,word,action_words,produces,hate,hate,לשנוא,,,,
item_420,hear,word,action_words,produces,hear,hear,לשמוע ,,,,
item_421,help,word,action_words,produces,help,help,לעזור,,,,
item_422,hide,word,action_words,produces,hide,hide,להחביא,,,,
item_423,hit,word,action_words,produces,hit,hit,להכות/ להרביץ,,,,
item_424,hold,word,action_words,produces,hold,hold,להחזיק,,,,
item_425,hug,word,action_words,produces,hug,hug,לחבק,,,,
item_426,hurry,word,action_words,produces,hurry,hurry,למהר,,,,
item_427,jump,word,action_words,produces,jump,jump,לקפוץ,,,,
item_428,kick,word,action_words,produces,kick,kick,לבעוט,,,,
item_429,kiss,word,action_words,produces,kiss,kiss,לנשק,,,,
item_430,lick,word,action_words,produces,lick,lick,ללקק,,,,
item_431,listen,word,action_words,produces,listen,listen,להקשיב,,,,
item_432,look,word,action_words,produces,look,look,להסתכל,,,,
item_433,love,word,action_words,produces,love,love,לאהוב,,,,
item_434,make,word,action_words,produces,make,make,לעשות,,,,
item_435,open,word,action_words,produces,open,open,לפתוח,,,,
item_436,paint,word,action_words,produces,paint,paint,לצבוע,,,,
item_437,pick,word,action_words,produces,pick,pick,לבחור,,,,
item_438,play,word,action_words,produces,play,play,לשחק,,,,
item_439,pour,word,action_words,produces,pour,pour,למזוג,,,,
item_440,pull,word,action_words,produces,pull,pull,למשוך,,,,
item_441,push,word,action_words,produces,push,push,לדחוף,,,,
item_442,put,word,action_words,produces,put,put,לשים,,,,
item_443,read,word,action_words,produces,read,read,לקרוא,,,,
item_444,ride,word,action_words,produces,ride,ride,לרכב,,,,
item_445,rip,word,action_words,produces,rip,rip,לקרוע ,,,,
item_446,run,word,action_words,produces,run,run,לרוץ,,,,
item_447,say,word,action_words,produces,say,say,להגיד,,,,
item_448,see,word,action_words,produces,see,see,לראות/ להראות,,,,
item_449,sing,word,action_words,produces,sing,sing,לשיר,,,,
item_450,sit,word,action_words,produces,sit,sit,לשבת,,,,
item_451,smile,word,action_words,produces,smile,smile,לחייך,,,,
item_452,spill,word,action_words,produces,spill,spill,לשפוך,,,,
item_453,splash,word,action_words,produces,splash,splash,להתיז/ להשפריץ,,,,
item_454,stand,word,action_words,produces,stand,stand,לעמוד,,,,
item_455,stay,word,action_words,produces,stay,stay,להשאר,,,,
item_456,stop,word,action_words,produces,stop,stop,לעצור,,,,
item_457,sweep,word,action_words,produces,sweep,sweep,לטאטא,,,,
item_458,swim,word,action_words,produces,swim,swim,לשחות,,,,
item_459,swing.action,word,action_words,produces,swing (action),swing (action),להתנדנד,,,,
item_460,take,word,action_words,produces,take,take,לקחת,,,,
item_461,talk,word,action_words,produces,talk,talk,לדבר,,,,
item_462,taste,word,action_words,produces,taste,taste,לטעום,,,,
item_463,tear,word,action_words,produces,tear,tear,לקרוע,,,,
item_464,think,word,action_words,produces,think,think,לחשוב,,,,
item_465,throw,word,action_words,produces,throw,throw,לזרוק,,,,
item_466,tickle,word,action_words,produces,tickle,tickle,לדגדג,,,,
item_467,touch,word,action_words,produces,touch,touch,לגעת,,,,
item_468,wait,word,action_words,produces,wait,wait,לחכות,,,,
item_469,wake,word,action_words,produces,wake,wake,להעיר,,,,
item_470,wash,word,action_words,produces,wash,wash,לרחוץ/ לשטוף,,,,
item_471,wipe,word,action_words,produces,wipe,wipe,לנגב,,,,
item_472,wish,word,action_words,produces,wish,wish,לברך,,,,
item_473,work.action,word,action_words,produces,work (action),work (action),לעבוד,,,,
item_474,write,word,action_words,produces,write,write,לכתוב,,,,
item_475,turn_on,word,action_words,produces,turn on,turn on,להדליק,,,,
item_476,bring_down,word,action_words,produces,bring down,bring down,להוריד,,,,
item_477,hide,word,action_words,produces,hide,hide,להתחבא,,,,
item_478,replace,word,action_words,produces,replace,replace,להחליף,,,,
item_479,turn_around,word,action_words,produces,turn around,turn around,להסתובב,,,,
item_480,look_for ,word,action_words,produces,look for something,look for something,לחפש,,,,
item_481,shut_down,word,action_words,produces,shut down,shut down,לכבות,,,,
item_482,lock,word,action_words,produces,lock,lock,לנעול,,,,
item_483,comb,word,action_words,produces,comb,comb,לסרק/ להבריש,,,,
item_484,tell,word,action_words,produces,tell,tell,לספר (סיפור),,,,
item_485,go_out,word,action_words,produces,go out,go out,לצאת,,,,
item_486,get_up,word,action_words,produces,get up,get up,לקום,,,,
item_487,go_down,word,action_words,produces,go down,go down,לרדת,,,,
item_488,save,word,action_words,produces,save,save,לשמור,,,,
item_489,cut,word,action_words,produces,cut,cut,לחתוך,,,,
item_490,rest,word,action_words,produces,rest,rest,לנוח,,,,
item_491,shut,word,action_words,produces,shut,shut,לסתום,,,,
item_492,allgone,word,descriptive_words,produces,all gone,all gone,נגמר,,,,
item_493,asleep,word,descriptive_words,produces,asleep,asleep,ישן,,,,
item_494,awake,word,descriptive_words,produces,awake,awake,ער,,,,
item_495,bad,word,descriptive_words,produces,bad,bad,רע,,,,
item_496,big,word,descriptive_words,produces,big,big,גדול,,,,
item_497,broken,word,descriptive_words,produces,broken,broken,שבור,,,,
item_498,careful,word,descriptive_words,produces,careful,careful,זהיר,,,,
item_499,clean.description,word,descriptive_words,produces,clean (description),clean (description),נקי,,,,
item_500,cold,word,descriptive_words,produces,cold,cold,קר,,,,
item_501,cute,word,descriptive_words,produces,cute,cute,חמוד,,,,
item_502,dark,word,descriptive_words,produces,dark,dark,חשוך,,,,
item_503,dirty,word,descriptive_words,produces,dirty,dirty,מלוכלך,,,,
item_504,dry.description,word,descriptive_words,produces,dry (description),dry (description),יבש,,,,
item_505,empty,word,descriptive_words,produces,empty,empty,ריק,,,,
item_506,fast,word,descriptive_words,produces,fast,fast,מהר,,,,
item_507,full,word,descriptive_words,produces,full,full,מלא,,,,
item_508,good,word,descriptive_words,produces,good,good,טוב,,,,
item_509,happy,word,descriptive_words,produces,happy,happy,שמח,,,,
item_510,hard,word,descriptive_words,produces,hard,hard,קשה,,,,
item_511,heavy,word,descriptive_words,produces,heavy,heavy,כבד,,,,
item_512,hot,word,descriptive_words,produces,hot,hot,חם,,,,
item_513,hungry,word,descriptive_words,produces,hungry,hungry,רעב,,,,
item_514,last,word,descriptive_words,produces,last,last,אחרון ,,,,
item_515,little,word,descriptive_words,produces,little (description),little (description),קטן,,,,
item_516,long,word,descriptive_words,produces,long,long,ארוך ,,,,
item_517,naughty,word,descriptive_words,produces,naughty,naughty,שובב,,,,
item_518,new,word,descriptive_words,produces,new,new,חדש,,,,
item_519,nice,word,descriptive_words,produces,nice,nice,נחמד,,,,
item_520,old,word,descriptive_words,produces,old,old,זקן,,,,
item_521,pretty,word,descriptive_words,produces,pretty,pretty,יפה,,,,
item_522,quiet,word,descriptive_words,produces,quiet,quiet,שקט,,,,
item_523,sad,word,descriptive_words,produces,sad,sad,עצוב,,,,
item_524,sick,word,descriptive_words,produces,sick,sick,חולה,,,,
item_525,soft,word,descriptive_words,produces,soft,soft,רך,,,,
item_526,thirsty,word,descriptive_words,produces,thirsty,thirsty,צמא,,,,
item_527,tired,word,descriptive_words,produces,tired,tired,עייף,,,,
item_528,wet,word,descriptive_words,produces,wet,wet,רטוב,,,,
item_529,yucky,word,descriptive_words,produces,yucky,yucky,מגעיל,,,,
item_530,smart,word,descriptive_words,produces,smart,smart,חכם,,,,
item_531,tasty,word,descriptive_words,produces,tasty,tasty,טעים,,,,
item_532,salty,word,descriptive_words,produces,salty,salty,מלוח ,,,,
item_533,rotten,word,descriptive_words,produces,rotten,rotten,מקולקל,,,,
item_534,sweet,word,descriptive_words,produces,sweet,sweet,מתוק,,,,
item_535,low,word,descriptive_words,produces,low,low,נמוך,,,,
item_536,short,word,descriptive_words,produces,short,short,קצר,,,,
item_537,thin,word,descriptive_words,produces,thin,thin,רזה,,,,
item_538,fat,word,descriptive_words,produces,fat,fat,שמן,,,,
item_539,tall,word,descriptive_words,produces,tall,tall,גבוה,,,,
item_540,strong,word,descriptive_words,produces,strong,strong,חזק,,,,
item_541,ugly,word,descriptive_words,produces,ugly,ugly,מכוער,,,,
item_542,excellent,word,descriptive_words,produces,excellent,excellent,מצויין,,,,
item_543,after,word,time_words,produces,after,after,אחרי,,,,
item_544,before,word,time_words,produces,before,before,לפני,,,,
item_545,later,word,time_words,produces,later,later,אחר כך,,,,
item_546,morning,word,time_words,produces,morning,morning,בוקר,,,,
item_547,night,word,time_words,produces,night,night,לילה,,,,
item_548,now,word,time_words,produces,now,now,עכשיו,,,,
item_549,today,word,time_words,produces,today,today,היום,,,,
item_550,tomorrow,word,time_words,produces,tomorrow,tomorrow,מחר,,,,
item_551,yesterday,word,time_words,produces,yesterday,yesterday,אתמול,,,,
item_552,was ,word,time_words,produces,was ,was ,היה,,,,
item_553,shabat,word,time_words,produces,shabat,shabat,שבת,,,,
item_554,once,word,time_words,produces,once,once,פעם,,,,
item_555,noon,word,time_words,produces,noon,noon,צהריים,,,,
item_556,moment,word,time_words,produces,moment,moment,רגע,,,,
item_557,he_she,word,pronouns,produces,he/ she,he/ she,הוא/ היא,,,,
item_558,i,word,pronouns,produces,I,I,אני,,,,
item_559,me,word,pronouns,produces,me,me,אותי,,,,
item_560,mine,word,pronouns,produces,mine,mine,שלי,,,,
item_561,our,word,pronouns,produces,our,our,שלנו,,,,
item_562,they,word,pronouns,produces,they,they,הם,,,,
item_563,this,word,pronouns,produces,this,this,זה ,,,,
item_564,those,word,pronouns,produces,those,those,אלה,,,,
item_565,we,word,pronouns,produces,we,we,אנחנו,,,,
item_566,you,word,pronouns,produces,you,you,אתה/ את,,,,
item_567,your,word,pronouns,produces,your,your,שלך,,,,
item_568,how,word,question_words,produces,how,how,איך,,,,
item_569,what,word,question_words,produces,what,what,מה,,,,
item_570,when,word,question_words,produces,when,when,מתי,,,,
item_571,where,word,question_words,produces,where,where,איפה,,,,
item_572,which,word,question_words,produces,which,which,איזה,,,,
item_573,who,word,question_words,produces,who,who,מי,,,,
item_574,why,word,question_words,produces,why,why,למה,,,,
item_575,how_much,word,question_words,produces,how much,how much,כמה,,,,
item_576,what_is_it,word,question_words,produces,what is it,what is it,מה זה,,,,
item_577,who_is_it,word,question_words,produces,who is it,who is it,מי זה,,,,
item_578,behind,word,locations,produces,behind,behind,מאחורי,,,,
item_579,down,word,locations,produces,down,down,למטה,,,,
item_580,here,word,locations,produces,here,here,כאן/ פה,,,,
item_581,inside,word,locations,produces,inside/in,inside/in,בפנים/ בתוך,,,,
item_582,next_to,word,locations,produces,next to,next to,ליד/ על יד,,,,
item_583,on,word,locations,produces,on,on,על,,,,
item_584,on_top_of,word,locations,produces,on top of,on top of,מעל,,,,
item_585,there,word,locations,produces,there,there,שם,,,,
item_586,under,word,locations,produces,under,under,מתחת,,,,
item_587,up,word,locations,produces,up,up,למעלה,,,,
item_588,with,word,locations,produces,with,with,עם,,,,
item_589,between,word,locations,produces,between,between,בין,,,,
item_590,far,word,locations,produces,far,far,רחוק,,,,
item_591,all,word,quantifiers,produces,all,all,כל,,,,
item_592,a_lot,word,quantifiers,produces,a lot,a lot,הרבה,,,,
item_593,every,word,quantifiers,produces,every,every,הכל,,,,
item_594,more,word,quantifiers,produces,more,more,עוד ,,,,
item_595,much,word,quantifiers,produces,much,much,המון,,,,
item_596,none,word,quantifiers,produces,none,none,אף אחד,,,,
item_597,some,word,quantifiers,produces,some,some,מעט/ קצת,,,,
item_598,too,word,quantifiers,produces,too,too,גם,,,,
item_599,one,word,quantifiers,produces,one,one,אחד,,,,
item_600,nothing,word,quantifiers,produces,nothing,nothing,כלום,,,,
item_601,usepast,usage,how_use_words,not yet; sometimes; often,does your child ever talk about past events or people who are not present?,,"האם ילדך מדבר על אירועים או אנשים ששייכים לעבר? לדוגמה, אומר 'דורה' כשראה אותה בטלויזיה לפני יום או יומיים. ",,,,
item_602,usefuture,usage,how_use_words,not yet; sometimes; often,does your child ever talk about something that's going to happen in the future?,,"האם ילדך מדבר על דברים העומדים לקרות בעתיד? לדוגמה, אומר 'נדנדה' בדרך לגן המשחקים, או 'אוטו' לפני שיוצאים מהבית לנסיעה. ",,,,
item_603,miss_produce,usage,how_use_words,not yet; sometimes; often,does your child talk about objects that are not present?,,האם ילדך מנסה לדבר על דברים שלא נמצאים לידו?,,,,
item_604,miss_comp,usage,how_use_words,not yet; sometimes; often,does your child understand if you ask for something that is not in the room?,,"האם ילדך מבין אם מבקשים ממנו משהו שאינו בחדר? למשל, האם הוא הולך לחדר השני להביא את הדובי כששואלים אותו 'איפה דובי'?",,,,
item_605,usepossessive,usage,how_use_words,not yet; sometimes; often,does your child ever pick up or point to an object and name an absent person to whom the object belongs?,,"האם ילדך מרים או מצביע על חפצים ואומר את השם של בעלי החפצים גם כשבעל החפץ איננו לידו? לדוגמה, מרים נעל של אימא ואומר 'אימא'.",,,,
item_606,splural,ending,word_endings,not yet; sometimes; often,"To talk about more than one thing we add an ?€?s?€ to many words. Examples include cars (for more than one car), shoes, dogs and keys. Has your child begun to do this?",,כדי לדבר על יותר מדבר אחד אנחנו לפעמים מוסיפים 'ים' או 'ות' בסוף מילה. לדוגמה 'כלבים' או 'מפתחות'. האם ילדך מנסה לעשות זאת? ,,,,
item_607,combine,combine,combine,not yet; sometimes; often,Has your child begun to combine words yet?,,האם ילדך החל להשתמש בצירופי מילים?,,,,
item_608,complx01,complexity,complexity,one; two; three; four,בום/ מכה/ נפל/ רצפה (שימוש במילה אחת) <br/> אני נופל/ אני מכה (שימוש בצרוף מילים) <br/> אימא נפלתי/ קיבלתי מכה/ אימא אני נופל (שימוש במשפט קצר) <br/> נפלתי וקיבלתי מכה (שימוש במשפט ארוך),1. בום/ מכה/ נפל/ רצפה (שימוש במילה אחת) <br/> 2. אני נופל/ אני מכה (שימוש בצרוף מילים) <br/> 3. אימא נפלתי/ קיבלתי מכה/ אימא אני נופל (שימוש במשפט קצר) <br/> 4. נפלתי וקיבלתי מכה (שימוש במשפט ארוך),מה ילדך אומר כשהוא נופל? <br/> 1. בום/ מכה/ נפל/ רצפה (שימוש במילה אחת) <br/> 2. אני נופל/ אני מכה (שימוש בצרוף מילים) <br/> 3. אימא נפלתי/ קיבלתי מכה/ אימא אני נופל (שימוש במשפט קצר) <br/> 4. נפלתי וקיבלתי מכה (שימוש במשפט ארוך),,,Item_607,sometimes; often
item_609,complx02,complexity,complexity,one; two; three; four,לא/ די (שימוש במילה אחת) <br/> לא רוצה/ לא לאכול (שימוש בצרוף מילים) <br/> לא רוצה לישון/ לאכול/ ללכת (שימוש במשפט קצר) <br/> אני עכשיו לא רוצה לישון/ לאכול/ ללכת (שימוש במשפט ארוך),1. לא/ די (שימוש במילה אחת) <br/> 2. לא רוצה/ לא לאכול (שימוש בצרוף מילים) <br/> 3. לא רוצה לישון/ לאכול/ ללכת (שימוש במשפט קצר) <br/> 4. אני עכשיו לא רוצה לישון/ לאכול/ ללכת,מה ילדך אומר כשהוא אינו רוצה לישון/ לאכול/ ללכת למקום כלשהו?<br/> 1. לא/ די (שימוש במילה אחת) <br/> 2. לא רוצה/ לא לאכול (שימוש בצרוף מילים) <br/> 3. לא רוצה לישון/ לאכול/ ללכת (שימוש במשפט קצר) <br/> 4. אני עכשיו לא רוצה לישון/ לאכול/ ללכת (שימוש במשפט ארוך),,,Item_607,sometimes; often
item_610,complx03,complexity,complexity,one; two; three; four,שם/ דלת/ החוצה/ לטייל (שימוש במילה אחת) <br/> הולכים לטייל/ רוצה החוצה (שימוש בצרוף מילים) <br/> אימא בואי נלך/ רוצה לצאת החוצה (שימוש במשפט קצר) <br/> אני רוצה ללכ לגינה/ אימא בואי נלך לטייל (שימוש במשפט ארוך),1. שם/ דלת/ החוצה/ לטייל (שימוש במילה אחת) <br/> 2. הולכים לטייל/ רוצה החוצה (שימוש בצרוף מילים) <br/> 3. אימא בואי נלך/ רוצה לצאת החוצה (שימוש במשפט קצר) <br/> 4. אני רוצה ללכת לגינה/ אימא בואי נלך לטייל (שימוש במשפט ארוך),מה ילדך אומר כשהוא רוצה לטייל? <br/> 1. שם/ דלת/ החוצה/ לטייל (שימוש במילה אחת) <br/> 2. הולכים לטייל/ רוצה החוצה (שימוש בצרוף מילים) <br/> 3. אימא בואי נלך/ רוצה לצאת החוצה (שימוש במשפט קצר) <br/> 4. אני רוצה ללכת לגינה/ אימא בואי נלך לטייל (שימוש במשפט ארוך),,,Item_607,sometimes; often
item_611,complx04,complexity,complexity,one; two; three; four,כדור/ עוד/ זה/ הרבה (שימוש במילה אחת) <br/> זה כדור/ עוד כדור/ הרבה כדור (שימוש בצרוף מילים) <br/> הנה הרבה כדורים/ יש פה כדורים (שימוש במשפט קצר) <br/> אני רואה בתמונה כדורים/ יש פה הרבה כדורים/ הנה כדור ועוד כדור (שימוש במשפט ארוך),1. כדור/ עוד/ זה/ הרבה (שימוש במילה אחת) <br/> 2. זה כדור/ עוד כדור/ הרבה כדור (שימוש בצרוף מילים) <br/> 3. הנה הרבה כדורים/ יש פה כדורים (שימוש במשפט קצר) <br/> 4. אני רואה בתמונה כדורים/ יש פה הרבה כדורים/ הנה כדור ועוד כדור (שימוש במשפט ארוך),מה ילדך אומר כשהוא רואה תמונה של הרבה כדורים? <br/> 1. כדור/ עוד/ זה/ הרבה (שימוש במילה אחת) <br/> 2. זה כדור/ עוד כדור/ הרבה כדור (שימוש בצרוף מילים) <br/> 3. הנה הרבה כדורים/ יש פה כדורים (שימוש במשפט קצר) <br/> 4. אני רואה בתמונה כדורים/ יש פה הרבה כדורים/ הנה כדור ועוד כדור (שימוש במשפט ארוך),,,Item_607,sometimes; often
item_612,complx05,complexity,complexity,one; two; three; four,זה/ את זה/ דובי (שימוש במילה אחת) <br/> תני לי/ אוצה דובי/ עוד דובי (שימוש בצרוף מילים) <br/> אני רוצה דובי/ אני רוצה את הדובי/ תני לי דובי (שימוש במשפט קצר) <br/> אני רוצה דובי גדול/ אני רוצה את הדובי הגדול/ תני לי את הדובי הגדול (שימוש במשפט ארוך),1. זה/ את זה/ דובי (שימוש במילה אחת) <br/> 2. תני לי/ רוצה דובי/ עוד דובי (שימוש בצרוף מילים) <br/> 3. אני רוצה דובי/ אני רוצה את הדובי/ תני לי דובי (שימוש במשפט קצר) <br/> 4. אני רוצה דובי גדול/ אני רוצה את הדובי הגדול/ תני לי את הדובי הגדול (שימוש במשפט ארוך),מה ילדך אומר כשהוא רוצה לקבל דובי גדול המונח על המדף? <br/> 1. זה/ את זה/ דובי (שימוש במילה אחת) <br/> 2. תני לי/ רוצה דובי/ עוד דובי (שימוש בצרוף מילים) <br/> 3. אני רוצה דובי/ אני רוצה את הדובי/ תני לי דובי (שימוש במשפט קצר) <br/> 4. אני רוצה דובי גדול/ אני רוצה את הדובי הגדול/ תני לי את הדובי הגדול (שימוש במשפט ארוך),,,Item_607,sometimes; often
item_613,complx06,complexity,complexity,one; two; three; four,ילד/ ילדה/ אוכל/ אוכלת/ תפוח (שימוש במילה אחת) <br/> ילד אוכל/ ילדה אוכלת/ ילדה אוכלים (שימוש בצרוף מילים) <br/> ילדה אוכלת תפוח (שימוש במשפט קצר) <br/> הילדה אוכלת את התפוח שלה/ התפוח טעים לילדה/ הילדה אוהבת לאכול תפוחים (שימוש במשפט ארוך),1. ילד/ ילדה/ אוכל/ אוכלת/ תפוח (שימוש במילה אחת) <br/> 2. ילד אוכל/ ילדה אוכלת/ ילדה אוכלים (שימוש בצרוף מילים) <br/> 3. ילדה אוכלת תפוח (שימוש במשפט קצר) <br/> 4. הילדה אוכלת את התפוח שלה/ התפוח טעים לילדה/ הילדה אוהבת לאכול תפוחים (שימוש במשפט ארוך) ,מה ילדך אומר כשהוא רואה תמונה של ילדה אוכלת תפוח? <br/> 1. ילד/ ילדה/ אוכל/ אוכלת/ תפוח (שימוש במילה אחת) <br/> 2. ילד אוכל/ ילדה אוכלת/ ילדה אוכלים (שימוש בצרוף מילים) <br/> 3. ילדה אוכלת תפוח (שימוש במשפט קצר) <br/> 4. הילדה אוכלת את התפוח שלה/ התפוח טעים לילדה/ הילדה אוהבת לאכול תפוחים (שימוש במשפט ארוך),,,Item_607,sometimes; often
item_614,complx07,complexity,complexity,one; two; three; four,בלון/ עף/ למעלה/ אוי ואבוי (שימוש במילה אחת) <br/> הנה בלון/ בלון למעלה/ בלון עף (שימוש בצרוף מילים) <br/> בלון עף לילד/ הנה הבלון עף (שימוש במשפט קצר) <br/> הבלון של הילד עף למעלה/ הבלון עף לילד מהיד (שימוש במשפט ארוך) ,1. בלון/ עף/ למעלה/ אוי ואבוי (שימוש במילה אחת) <br/> 2. הנה בלון/ בלון למעלה/ בלון עף (שימוש בצרוף מילים) 3. בלון עף לילד/ הנה הבלון עף (שימוש במשפט קצר) 4. הבלון של הילד עף למעלה/ הבלון עף לילד מהיד (שימוש במשפט ארוך),מה ילדך אומר כשהוא רואה ילד שהבלון עף לו מהיד? <br/> 1. בלון/ עף/ למעלה/ או ואבוי (שימוש במילה אחת) <br/> 2. הנה בלון/ בלון למעלה/ בלון עף (שימוש בצרוף מילים) <br/> 3. בלון עף לילד/ הנה הבלון עף (שימוש במשפט קצר) <br/> 4. הבלון של הילד עף למעלה/ הבלון עף לילד מהיד (שימוש במשפט ארוך),,,Item_607,sometimes; often
item_615,complx08,complexity,complexity,one; two; three; four,אוטו/ לנסוע/ ברר ברר/ הן הן (שימוש במילה אחת) <br/> אוטו נוסע/ אני אוטו/ אני נוסע (שימוש בצרוף מילים) <br/> אני נוסע באוטו/ אני מסיע אוטו/ אוטו נוסע רחוק (שימוש במשפט קצר) <br/> אני מסיע את האוטו הגדול/ האוטו שלי נוסע מהר/ זה אוטו שנוסע רחוק (שימוש במשפט ארוך),1. אוטו/ לנסוע/ ברר ברר/ הן הן (שימוש במילה אחת) <br/> 2. אוטו נוסע/ אני אוטו/ אני נוסע (שימוש בצרוף מילים) <br/> 3. אני נוסע באוטו/ אני מסיע אוטו/ אוטו נוסע רחוק (שימוש במשפט קצר) <br/> 4. אני מסיע את האוטו הגדול/ האוטו שלי נוסע מהר/ זה אוטו שנוסע רחוק (שימוש במשפט ארוך),מה ילדך אומר כשהוא מסיע מכונית צעצוע? <br/> 1. אוטו/ לנסוע/ ברר ברר/ הן הן (שימוש במילה אחת) <br/> 2. אוטו נוסע/ אני אוטו/ אני נוסע (שימוש בצרוף מילים) <br/> 3. אני נוסע באוטו/ אני מסיע אוטו/ אוטו נוסע רחוק (שימוש במשפט קצר) <br/> 4. אני מסיע את האוטו הגדול/ האוטו שלי נוסע מהר/ זה אוטו שנוסע רחוק (שימוש במשפט ארוך),,,Item_607,sometimes; often
